{"cameraMode":{"drawMode":0,"name":"Shaded","section":"Shading Mode"},"sceneLighting":false,"audioPlay":false,"sceneViewState":{"showFog":true,"showMaterialUpdate":false,"showSkybox":false,"showFlares":true,"showImageEffects":true,"showParticleSystems":true},"in2DMode":false,"pivot":{"x":1372.402587890625,"y":579.0220336914063,"z":276.53399658203127},"rotation":{"x":-0.07372775673866272,"y":-0.020345719531178476,"z":0.0015067325439304114,"w":-0.9970757365226746},"size":1478.019775390625,"orthographic":false}